,predicted
0,1
1,4
2,1
3,1
4,1
5,2
6,1
7,1
8,1
9,1
10,1
11,1
12,1
13,1
14,4
15,4
16,4
17,1
18,4
19,1
20,1
21,1
22,4
23,4
24,1
25,1
26,4
27,4
28,4
29,1
30,1
31,1
32,1
33,4
34,1
35,1
36,4
37,1
38,1
39,1
40,1
41,1
42,1
43,1
44,1
45,4
46,4
47,1
48,1
49,1
50,1
51,1
52,1
53,4
54,1
55,1
56,1
57,4
58,4
59,2
60,1
61,4
62,1
63,5
64,5
65,5
66,5
67,5
68,5
69,5
70,5
71,5
72,5
73,5
74,5
75,5
76,5
77,5
78,5
79,5
80,5
81,5
82,5
83,5
84,5
85,5
86,5
87,5
88,5
89,5
90,5
91,5
92,5
93,5
94,5
95,5
96,5
97,5
98,5
99,5
100,5
101,5
102,5
103,5
104,5
105,5
106,5
107,5
108,5
109,5
110,5
111,5
112,5
113,5
114,5
115,5
116,5
117,5
118,5
119,5
120,5
121,5
122,5
123,5
124,5
125,5
126,5
127,5
128,5
129,1
130,3
131,3
132,1
133,1
134,1
135,1
136,2
137,2
138,4
139,2
140,1
141,1
142,1
143,1
144,1
145,1
146,1
147,3
148,1
149,1
150,1
151,3
152,3
153,3
154,2
155,2
156,3
157,1
158,1
159,3
160,2
161,3
162,3
163,3
164,2
165,2
166,3
167,1
168,1
169,1
170,1
171,1
172,3
173,1
174,1
175,1
176,1
177,1
178,3
179,3
180,3
181,3
182,1
183,1
184,1
185,3
186,3
187,3
188,1
189,3
190,3
191,3
192,3
193,1
194,1
195,1
196,1
197,3
198,3
199,3
200,3
201,1
202,3
203,3
204,3
205,1
206,1
207,3
208,3
209,3
210,3
211,3
212,1
213,3
214,1
215,3
216,1
217,1
218,3
219,3
220,3
221,1
222,1
223,3
224,1
225,3
226,3
227,1
228,3
229,1
230,1
231,1
232,3
233,3
234,3
235,3
236,3
237,3
238,1
239,3
240,1
241,1
242,1
243,3
244,1
245,1
246,1
247,1
248,3
249,1
250,3
251,1
252,3
253,3
254,3
255,1
256,1
257,3
258,1
259,1
260,1
261,1
262,3
263,3
264,3
265,3
266,1
267,1
268,1
269,3
270,3
271,1
272,1
273,1
274,1
275,3
276,3
277,3
278,3
279,3
280,2
281,3
282,2
283,2
284,2
285,1
286,1
287,1
288,1
289,1
290,2
291,3
292,3
293,1
294,1
295,1
296,3
297,2
298,1
299,1
300,3
301,1
302,1
303,1
304,2
305,1
306,1
307,4
308,1
309,1
310,4
311,1
312,1
313,2
314,1
315,1
316,1
317,1
318,2
319,4
320,1
321,1
322,1
323,1
324,2
325,2
326,2
327,1
328,1
329,1
330,2
331,1
332,1
333,1
334,1
335,1
336,4
337,4
338,4
339,4
340,1
341,4
342,1
343,1
344,4
345,4
346,1
347,4
348,4
349,4
350,4
351,1
352,1
353,4
354,4
355,4
356,4
357,2
358,1
359,1
360,4
361,4
362,4
363,1
364,1
365,1
366,4
367,4
368,4
369,1
370,1
371,1
372,1
373,2
374,1
375,1
376,4
377,1
378,1
379,4
380,4
381,1
382,1
383,1
384,1
385,1
386,1
387,4
388,1
389,1
390,1
391,1
392,4
393,1
394,4
395,1
396,1
397,4
398,1
399,1
400,1
401,4
402,2
403,4
404,4
405,4
406,4
407,4
408,1
409,4
410,1
411,1
412,1
413,4
414,2
415,1
416,1
417,1
418,4
419,4
420,1
421,1
422,4
423,4
424,1
425,4
426,1
427,5
428,5
429,5
430,5
431,5
432,5
433,5
434,5
435,5
436,5
437,5
438,5
439,5
440,5
441,5
442,5
443,5
444,5
445,5
446,5
447,5
448,5
449,5
450,5
451,5
452,5
453,5
454,5
455,5
456,5
457,5
458,5
459,5
460,5
461,5
462,5
463,5
464,5
465,5
466,5
467,5
468,5
469,5
470,5
471,5
472,5
473,5
474,5
475,5
476,5
477,5
478,5
479,5
480,5
481,5
482,5
483,5
484,5
485,5
486,5
487,5
488,5
489,5
490,5
491,5
492,5
493,5
494,5
495,5
496,5
497,5
498,1
499,1
500,1
501,1
502,2
503,3
504,2
505,1
506,1
507,1
508,2
509,1
510,1
511,1
512,1
513,3
514,1
515,1
516,3
517,3
518,1
519,3
520,1
521,2
522,2
523,3
524,3
525,3
526,3
527,3
528,1
529,1
530,1
531,3
532,3
533,3
534,1
535,1
536,1
537,3
538,1
539,3
540,3
541,3
542,1
543,3
544,3
545,3
546,3
547,3
548,3
549,3
550,3
551,3
552,3
553,3
554,3
555,3
556,3
557,1
558,3
559,1
560,3
561,1
562,1
563,3
564,3
565,1
566,1
567,3
568,3
569,3
570,3
571,3
572,3
573,3
574,3
575,1
576,1
577,3
578,3
579,3
580,3
581,3
582,1
583,3
584,3
585,3
586,3
587,3
588,3
589,3
590,3
591,3
592,3
593,3
594,3
595,1
596,3
597,1
598,1
599,3
600,1
601,1
602,3
603,1
604,1
605,1
606,3
607,3
608,3
609,1
610,1
611,3
612,3
613,1
614,3
615,3
616,1
617,1
618,3
619,1
620,1
621,3
622,3
623,3
624,1
625,3
626,3
627,1
628,2
629,2
630,3
631,2
632,1
633,1
634,3
635,3
636,3
637,3
638,3
639,3
640,3
641,1
642,1
643,1
644,2
645,1
646,1
647,1
648,1
649,1
650,1
651,1
652,2
653,1
654,2
655,1
656,1
657,1
658,1
659,1
660,1
661,1
662,1
663,1
664,3
665,1
666,2
667,2
668,1
669,1
670,1
671,1
672,1
673,2
674,2
675,2
676,2
677,2
678,2
679,1
680,1
681,1
682,1
683,2
684,2
685,3
686,1
687,1
688,1
689,1
690,1
691,1
692,1
693,1
694,1
695,2
696,4
697,1
698,1
699,1
700,2
701,2
702,1
703,1
704,1
705,1
706,1
707,1
708,1
709,1
710,4
711,4
712,4
713,4
714,1
715,1
716,1
717,4
718,1
719,4
720,4
721,4
722,4
723,4
724,2
725,1
726,4
727,2
728,2
729,1
730,1
731,4
732,4
733,4
734,1
735,1
736,1
737,1
738,4
739,4
740,4
741,1
742,4
743,4
744,4
745,1
746,4
747,4
748,4
749,4
750,4
751,4
752,1
753,1
754,4
755,1
756,1
757,4
758,1
759,4
760,4
761,1
762,1
763,1
764,1
765,4
766,4
767,4
768,1
769,1
770,1
771,1
772,4
773,2
774,1
775,1
776,1
777,1
778,4
779,4
780,4
781,2
782,1
783,1
784,4
785,1
786,1
787,4
788,1
789,1
790,1
791,5
792,5
793,5
794,5
795,5
796,5
797,5
798,5
799,5
800,5
801,5
802,5
803,5
804,5
805,5
806,5
807,5
808,5
809,5
810,5
811,5
812,5
813,5
814,5
815,5
816,5
817,5
818,5
819,5
820,5
821,5
822,5
823,5
824,5
825,5
826,5
827,5
828,5
829,5
830,5
831,5
832,5
833,5
834,5
835,5
836,5
837,5
838,5
839,5
840,5
841,5
842,5
843,5
844,5
845,5
846,5
847,5
848,5
849,5
850,5
851,5
852,5
853,5
854,5
855,5
856,5
857,5
858,5
859,5
860,5
861,5
862,5
863,5
864,1
865,3
866,3
867,3
868,1
869,1
870,1
871,1
872,1
873,1
874,1
875,3
876,1
877,1
878,2
879,2
880,2
881,1
882,1
883,1
884,1
885,1
886,3
887,2
888,3
889,3
890,1
891,2
892,2
893,2
894,3
895,3
896,3
897,3
898,3
899,1
900,3
901,3
902,3
903,3
904,2
905,3
906,3
907,3
908,1
909,3
910,3
911,3
912,3
913,3
914,3
915,1
916,1
917,1
918,3
919,3
920,3
921,3
922,1
923,1
924,1
925,1
926,1
927,1
928,3
929,3
930,3
931,1
932,3
933,3
934,3
935,3
936,3
937,3
938,3
939,3
940,3
941,3
942,1
943,3
944,3
945,3
946,3
947,3
948,1
949,3
950,1
951,3
952,3
953,1
954,3
955,3
956,3
957,3
958,3
959,3
960,3
961,1
962,1
963,3
964,3
965,3
966,3
967,3
968,3
969,1
970,3
971,3
972,2
973,3
974,1
975,1
976,3
977,1
978,3
979,3
980,3
981,3
982,3
983,3
984,1
985,3
986,3
987,1
988,1
989,3
990,2
991,1
992,1
993,1
994,1
995,3
996,3
997,3
998,3
999,1
1000,1
1001,3
1002,3
1003,1
1004,1
1005,1
1006,1
1007,2
1008,2
1009,1
1010,1
1011,1
1012,1
1013,2
1014,1
1015,1
1016,1
1017,1
1018,1
1019,2
1020,1
1021,2
1022,4
1023,4
1024,1
1025,1
1026,1
1027,1
1028,3
1029,1
1030,2
1031,2
1032,2
1033,1
1034,1
1035,3
1036,1
1037,1
1038,1
1039,1
1040,2
1041,1
1042,1
1043,1
1044,1
1045,1
1046,1
1047,1
1048,2
1049,2
1050,2
1051,1
1052,1
1053,1
1054,2
1055,1
1056,1
1057,1
1058,2
1059,4
1060,2
1061,2
1062,4
1063,1
1064,1
1065,4
1066,1
1067,2
1068,1
1069,1
1070,4
1071,4
1072,1
1073,1
1074,4
1075,1
1076,1
1077,1
1078,2
1079,4
1080,1
1081,1
1082,4
1083,1
1084,1
1085,4
1086,1
1087,1
1088,4
1089,4
1090,4
1091,4
1092,1
1093,4
1094,4
1095,1
1096,4
1097,4
1098,4
1099,4
1100,4
1101,4
1102,4
1103,1
1104,4
1105,1
1106,1
1107,1
1108,4
1109,4
1110,4
1111,1
1112,1
1113,4
1114,4
1115,4
1116,4
1117,4
1118,4
1119,4
1120,4
1121,2
1122,1
1123,1
1124,4
1125,1
1126,1
1127,1
1128,1
1129,1
1130,1
1131,1
1132,1
1133,4
1134,1
1135,1
1136,1
1137,4
1138,1
1139,1
1140,1
1141,1
1142,1
1143,4
1144,4
1145,1
1146,1
1147,1
1148,1
1149,1
1150,4
1151,2
1152,2
1153,4
1154,5
1155,5
1156,5
1157,5
1158,5
1159,5
1160,5
1161,5
1162,5
1163,5
1164,5
1165,5
1166,5
1167,5
1168,5
1169,5
1170,5
1171,5
1172,5
1173,5
1174,5
1175,5
1176,5
1177,5
1178,5
1179,5
1180,5
1181,5
1182,5
1183,5
1184,5
1185,5
1186,5
1187,5
1188,5
1189,5
1190,5
1191,5
1192,5
1193,5
1194,5
1195,5
1196,5
1197,5
1198,5
1199,5
1200,5
1201,5
1202,5
1203,5
1204,5
1205,5
1206,5
1207,5
1208,5
1209,5
1210,5
1211,5
1212,5
1213,5
1214,5
1215,5
1216,5
1217,5
1218,5
1219,5
1220,5
1221,5
1222,5
1223,5
1224,5
1225,5
1226,5
1227,5
1228,5
1229,5
1230,5
1231,5
1232,5
1233,1
1234,2
1235,2
1236,1
1237,3
1238,3
1239,3
1240,3
1241,3
1242,3
1243,3
1244,1
1245,3
1246,1
1247,1
1248,3
1249,3
1250,3
1251,3
1252,3
1253,3
1254,1
1255,1
1256,2
1257,2
1258,3
1259,3
1260,3
1261,3
1262,3
1263,1
1264,2
1265,1
1266,3
1267,3
1268,3
1269,3
1270,1
1271,3
1272,1
1273,1
1274,3
1275,3
1276,1
1277,1
1278,1
1279,1
1280,1
1281,1
1282,3
1283,3
1284,3
1285,3
1286,3
1287,3
1288,3
1289,3
1290,3
1291,3
1292,3
1293,3
1294,1
1295,1
1296,3
1297,3
1298,3
1299,1
1300,3
1301,3
1302,3
1303,1
1304,1
1305,3
1306,1
1307,3
1308,3
1309,1
1310,3
1311,3
1312,3
1313,3
1314,1
1315,1
1316,3
1317,3
1318,3
1319,3
1320,3
1321,3
1322,1
1323,3
1324,3
1325,1
1326,1
1327,1
1328,3
1329,3
1330,3
1331,3
1332,3
1333,3
1334,1
1335,3
1336,1
1337,1
1338,1
1339,3
1340,1
1341,3
1342,3
1343,1
1344,1
1345,1
1346,3
1347,1
1348,1
1349,1
1350,3
1351,3
1352,3
1353,1
1354,1
1355,3
1356,3
1357,3
1358,3
1359,1
1360,1
1361,3
1362,3
1363,3
1364,1
1365,2
1366,3
1367,3
1368,3
1369,3
1370,2
1371,1
1372,1
1373,2
1374,2
1375,2
1376,1
1377,1
1378,1
1379,1
1380,3
1381,2
1382,1
1383,1
1384,4
1385,1
1386,1
1387,1
1388,1
1389,1
1390,1
1391,1
1392,1
1393,2
1394,2
1395,3
1396,3
1397,1
1398,1
1399,1
1400,1
1401,1
1402,1
1403,1
1404,4
1405,1
1406,1
1407,1
1408,2
1409,2
1410,1
1411,1
1412,1
1413,1
1414,2
1415,2
1416,2
1417,1
1418,1
1419,1
1420,1
1421,1
1422,2
1423,1
1424,1
1425,1
1426,1
1427,1
1428,1
1429,1
1430,2
1431,2
1432,1
1433,1
1434,1
1435,1
1436,4
1437,1
1438,1
1439,1
1440,1
1441,1
1442,2
1443,2
1444,4
1445,4
1446,1
1447,1
1448,4
1449,4
1450,4
1451,4
1452,4
1453,4
1454,1
1455,1
1456,4
1457,4
1458,1
1459,1
1460,1
1461,1
1462,1
1463,1
1464,1
1465,1
1466,1
1467,1
1468,4
1469,4
1470,4
1471,1
1472,4
1473,4
1474,4
1475,4
1476,4
1477,1
1478,4
1479,2
1480,4
1481,4
1482,4
1483,4
1484,4
1485,1
1486,4
1487,4
1488,1
1489,4
1490,1
1491,1
1492,1
1493,4
1494,4
1495,4
1496,4
1497,4
1498,1
1499,4
1500,4
1501,1
1502,1
1503,1
1504,1
1505,4
1506,1
1507,1
1508,1
1509,2
1510,1
1511,4
1512,1
1513,1
1514,1
1515,1
1516,1
1517,4
1518,5
1519,5
1520,5
1521,5
1522,5
1523,5
1524,5
1525,5
1526,5
1527,5
1528,5
1529,5
1530,5
1531,5
1532,5
1533,5
1534,5
1535,5
1536,5
1537,5
1538,5
1539,5
1540,5
1541,5
1542,5
1543,5
1544,5
1545,5
1546,5
1547,5
1548,5
1549,5
1550,5
1551,5
1552,5
1553,5
1554,5
1555,5
1556,5
1557,5
1558,5
1559,5
1560,5
1561,5
1562,5
1563,5
1564,5
1565,5
1566,5
1567,5
1568,5
1569,5
1570,5
1571,5
1572,5
1573,5
1574,5
1575,5
1576,5
1577,5
1578,5
1579,5
1580,5
1581,5
1582,5
1583,5
1584,5
1585,5
1586,5
1587,5
1588,5
1589,5
1590,5
1591,5
1592,5
1593,5
1594,5
1595,5
1596,5
1597,5
1598,2
1599,2
1600,2
1601,2
1602,2
1603,2
1604,3
1605,3
1606,3
1607,3
1608,3
1609,3
1610,3
1611,3
1612,1
1613,3
1614,1
1615,3
1616,1
1617,3
1618,3
1619,3
1620,3
1621,3
1622,3
1623,2
1624,2
1625,3
1626,1
1627,1
1628,1
1629,3
1630,1
1631,1
1632,3
1633,1
1634,3
1635,3
1636,2
1637,3
1638,3
1639,3
1640,3
1641,1
1642,1
1643,3
1644,3
1645,3
1646,3
1647,1
1648,3
1649,3
1650,3
1651,1
1652,1
1653,3
1654,1
1655,3
1656,1
1657,1
1658,1
1659,1
1660,3
1661,3
1662,1
1663,3
1664,1
1665,3
1666,3
1667,3
1668,3
1669,3
1670,3
1671,3
1672,1
1673,3
1674,3
1675,3
1676,3
1677,3
1678,3
1679,3
1680,3
1681,3
1682,3
1683,3
1684,1
1685,3
1686,1
1687,3
1688,3
1689,1
1690,3
1691,3
1692,3
1693,3
1694,3
1695,1
1696,1
1697,1
1698,3
1699,3
1700,3
1701,3
1702,1
1703,1
1704,3
1705,3
1706,3
1707,3
1708,3
1709,3
1710,3
1711,2
1712,3
1713,1
1714,3
1715,1
1716,1
1717,3
1718,3
1719,2
1720,1
1721,1
1722,1
1723,3
1724,3
1725,3
1726,3
1727,3
1728,3
1729,3
1730,3
1731,3
1732,3
1733,3
1734,3
1735,3
1736,2
1737,3
1738,2
1739,1
1740,1
1741,1
1742,1
1743,1
1744,1
1745,1
1746,3
1747,2
1748,3
1749,1
1750,1
1751,1
1752,2
1753,2
1754,1
1755,1
1756,1
1757,1
1758,1
1759,1
1760,1
1761,2
1762,1
1763,4
1764,1
1765,1
1766,1
1767,1
1768,1
1769,1
1770,1
1771,1
1772,1
1773,1
1774,2
1775,2
1776,1
1777,1
1778,1
1779,2
1780,1
1781,2
1782,4
1783,1
1784,1
1785,1
1786,1
1787,1
1788,4
1789,2
1790,1
1791,1
1792,2
1793,1
1794,2
1795,1
1796,1
1797,1
1798,1
1799,2
1800,2
1801,2
1802,2
1803,1
1804,1
1805,1
1806,1
1807,1
1808,1
1809,1
1810,1
1811,1
1812,1
1813,1
1814,1
1815,1
1816,2
1817,1
1818,4
1819,1
1820,4
1821,1
1822,2
1823,1
1824,1
1825,4
1826,4
1827,2
1828,1
1829,1
1830,1
1831,1
1832,4
1833,1
1834,1
1835,1
1836,1
1837,1
1838,4
1839,1
1840,1
1841,4
1842,1
1843,4
1844,1
1845,4
1846,1
1847,4
1848,4
1849,4
1850,1
1851,1
1852,4
1853,4
1854,1
1855,1
1856,1
1857,4
1858,1
1859,4
1860,1
1861,1
1862,1
1863,1
1864,1
1865,1
1866,1
1867,1
1868,4
1869,1
1870,1
1871,1
1872,2
1873,4
1874,1
1875,1
1876,1
1877,1
1878,1
1879,1
1880,1
1881,2
1882,5
1883,5
1884,5
1885,5
1886,5
1887,5
1888,5
1889,5
1890,5
1891,5
1892,5
1893,5
1894,5
1895,5
1896,5
1897,5
1898,5
1899,5
1900,5
1901,5
1902,5
1903,5
1904,5
1905,5
1906,5
1907,5
1908,5
1909,5
1910,5
1911,5
1912,5
1913,5
1914,5
1915,5
1916,5
1917,5
1918,5
1919,5
1920,5
1921,5
1922,5
1923,5
1924,5
1925,5
1926,5
1927,5
1928,5
1929,5
1930,5
1931,5
1932,5
1933,5
1934,5
1935,5
1936,5
1937,5
1938,5
1939,5
1940,5
1941,5
1942,5
1943,5
1944,5
1945,5
1946,5
1947,5
1948,5
1949,5
1950,5
1951,5
1952,5
1953,5
1954,5
1955,5
1956,5
1957,5
1958,5
1959,5
1960,5
1961,5
1962,5
1963,5
1964,1
1965,1
1966,1
1967,1
1968,2
1969,3
1970,3
1971,3
1972,3
1973,3
1974,3
1975,3
1976,3
1977,3
1978,3
1979,1
1980,3
1981,2
1982,2
1983,2
1984,3
1985,2
1986,3
1987,1
1988,3
1989,1
1990,3
1991,3
1992,1
1993,1
1994,3
1995,3
1996,3
1997,3
1998,3
1999,3
2000,3
2001,2
2002,1
2003,3
2004,3
2005,1
2006,3
2007,3
2008,1
2009,3
2010,1
2011,1
2012,3
2013,3
2014,3
2015,1
2016,1
2017,1
2018,1
2019,3
2020,1
2021,1
2022,1
2023,3
2024,3
2025,1
2026,3
2027,3
2028,3
2029,1
2030,3
2031,3
2032,3
2033,1
2034,3
2035,3
2036,3
2037,3
2038,3
2039,3
2040,3
2041,3
2042,3
2043,3
2044,3
2045,1
2046,3
2047,3
2048,3
2049,3
2050,3
2051,3
2052,3
2053,3
2054,3
2055,3
2056,3
2057,3
2058,3
2059,3
2060,1
2061,3
2062,3
2063,3
2064,3
2065,3
2066,3
2067,1
2068,1
2069,1
2070,1
2071,3
2072,3
2073,3
2074,3
2075,3
2076,3
2077,3
2078,3
2079,3
2080,1
2081,1
2082,1
2083,3
2084,3
2085,1
2086,1
2087,1
2088,3
2089,1
2090,2
2091,2
2092,3
2093,1
2094,1
2095,1
2096,3
2097,3
2098,2
2099,2
2100,2
2101,1
2102,2
2103,3
2104,3
2105,3
2106,1
2107,1
2108,1
2109,1
2110,3
2111,1
2112,1
2113,1
2114,1
2115,3
2116,1
2117,1
2118,2
2119,3
2120,3
2121,1
2122,1
2123,2
2124,1
2125,2
2126,2
2127,2
2128,2
2129,3
2130,2
2131,2
2132,1
2133,1
2134,1
2135,1
2136,1
2137,1
2138,4
2139,4
2140,1
2141,1
2142,1
2143,3
2144,4
2145,1
2146,4
2147,1
2148,1
2149,1
2150,4
2151,2
2152,4
2153,2
2154,2
2155,1
2156,1
2157,1
2158,4
2159,1
2160,1
2161,1
2162,4
2163,2
2164,1
2165,2
2166,1
2167,1
2168,4
2169,2
2170,1
2171,2
2172,1
2173,1
2174,1
2175,1
2176,4
2177,4
2178,2
2179,4
2180,1
2181,1
2182,4
2183,1
2184,1
2185,1
2186,4
2187,4
2188,4
2189,4
2190,4
2191,1
2192,4
2193,1
2194,4
2195,1
2196,1
2197,1
2198,1
2199,4
2200,1
2201,1
2202,1
2203,4
2204,2
2205,2
2206,1
2207,1
2208,4
2209,1
2210,1
2211,1
2212,1
2213,4
2214,1
2215,1
2216,1
2217,1
2218,1
2219,1
2220,4
2221,4
2222,2
2223,1
2224,1
2225,1
2226,4
2227,1
2228,4
2229,1
2230,1
2231,4
2232,4
2233,1
2234,4
2235,1
2236,4
2237,1
2238,4
2239,4
2240,1
2241,1
2242,2
2243,1
2244,1
2245,4
2246,5
2247,5
2248,5
2249,5
2250,5
2251,5
2252,5
2253,5
2254,5
2255,5
2256,5
2257,5
2258,5
2259,5
2260,5
2261,5
2262,5
2263,5
2264,5
2265,5
2266,5
2267,5
2268,5
2269,5
2270,5
2271,5
2272,5
2273,5
2274,5
2275,5
2276,5
2277,5
2278,5
2279,5
2280,5
2281,5
2282,5
2283,5
2284,5
2285,5
2286,5
2287,5
2288,5
2289,5
2290,5
2291,5
2292,5
2293,5
2294,5
2295,5
2296,5
2297,5
2298,5
2299,5
2300,5
2301,5
2302,5
2303,5
2304,5
2305,5
2306,5
2307,5
2308,5
2309,5
2310,5
2311,5
2312,5
2313,5
2314,5
2315,5
2316,5
2317,5
2318,5
2319,5
2320,5
2321,5
2322,5
2323,5
2324,5
2325,5
2326,5
2327,5
2328,5
2329,5
2330,5
2331,5
2332,3
2333,2
2334,2
2335,3
2336,2
2337,4
2338,1
2339,1
2340,3
2341,3
2342,3
2343,1
2344,3
2345,3
2346,3
2347,1
2348,1
2349,1
2350,2
2351,3
2352,1
2353,3
2354,2
2355,3
2356,2
2357,1
2358,1
2359,3
2360,3
2361,2
2362,1
2363,1
2364,3
2365,1
2366,1
2367,1
2368,3
2369,3
2370,3
2371,3
2372,3
2373,3
2374,3
2375,3
2376,3
2377,3
2378,3
2379,1
2380,3
2381,3
2382,3
2383,3
2384,3
2385,3
2386,3
2387,3
2388,3
2389,3
2390,3
2391,3
2392,3
2393,1
2394,3
2395,3
2396,3
2397,1
2398,2
2399,3
2400,3
2401,3
2402,3
2403,3
2404,3
2405,3
2406,1
2407,3
2408,1
2409,1
2410,3
2411,1
2412,3
2413,3
2414,1
2415,1
2416,1
2417,3
2418,1
2419,1
2420,1
2421,3
2422,1
2423,1
2424,3
2425,1
2426,3
2427,3
2428,1
2429,1
2430,3
2431,3
2432,3
2433,3
2434,3
2435,3
2436,3
2437,3
2438,1
2439,1
2440,3
2441,1
2442,1
2443,1
2444,1
2445,3
2446,3
2447,3
2448,3
2449,1
2450,1
2451,1
2452,1
2453,1
2454,3
2455,3
2456,3
2457,1
2458,1
2459,1
2460,3
2461,3
2462,2
2463,2
2464,2
2465,2
2466,1
2467,1
2468,1
2469,3
2470,3
2471,2
2472,3
2473,1
2474,2
2475,2
2476,1
2477,2
2478,2
2479,2
2480,3
2481,2
2482,3
2483,1
2484,1
2485,1
2486,1
2487,1
2488,1
2489,1
2490,1
2491,1
2492,1
2493,1
2494,1
2495,2
2496,3
2497,3
2498,1
2499,1
2500,1
2501,1
2502,2
2503,2
2504,1
2505,1
2506,1
2507,1
2508,1
2509,1
2510,1
2511,1
2512,1
2513,2
2514,1
2515,1
2516,1
2517,1
2518,2
2519,1
2520,1
2521,1
2522,1
2523,4
2524,1
2525,1
2526,1
2527,4
2528,2
2529,1
2530,1
2531,2
2532,1
2533,1
2534,1
2535,4
2536,4
2537,4
2538,1
2539,4
2540,4
2541,4
2542,1
2543,4
2544,4
2545,1
2546,1
2547,2
2548,4
2549,4
2550,1
2551,1
2552,4
2553,4
2554,1
2555,2
2556,1
2557,4
2558,1
2559,4
2560,4
2561,4
2562,4
2563,4
2564,4
2565,1
2566,1
2567,4
2568,2
2569,1
2570,1
2571,4
2572,4
2573,2
2574,1
2575,4
2576,4
2577,4
2578,4
2579,4
2580,1
2581,1
2582,4
2583,1
2584,1
2585,1
2586,1
2587,1
2588,1
2589,1
2590,1
2591,4
2592,1
2593,4
2594,4
2595,1
2596,1
2597,4
2598,4
2599,1
2600,4
2601,4
2602,1
2603,4
2604,1
2605,1
2606,4
2607,4
2608,1
2609,4
2610,5
2611,5
2612,5
2613,5
2614,5
2615,5
2616,5
2617,5
2618,5
2619,5
2620,5
2621,5
2622,5
2623,5
2624,5
2625,5
2626,5
2627,5
2628,5
2629,5
2630,5
2631,5
2632,5
2633,5
2634,5
2635,5
2636,5
2637,5
2638,5
2639,5
2640,5
2641,5
2642,5
2643,5
2644,5
2645,5
2646,5
2647,5
2648,5
2649,5
2650,5
2651,5
2652,5
2653,5
2654,5
2655,5
2656,5
2657,5
2658,5
2659,5
2660,5
2661,5
2662,5
2663,5
2664,5
2665,5
2666,5
2667,5
2668,5
2669,5
2670,5
2671,5
2672,5
2673,5
2674,5
2675,5
2676,5
2677,5
2678,5
2679,5
2680,5
2681,5
2682,5
2683,5
2684,5
2685,5
2686,5
2687,5
2688,5
2689,5
2690,5
2691,5
2692,5
2693,5
2694,5
2695,5
2696,5
2697,5
2698,3
2699,2
2700,2
2701,2
2702,3
2703,1
2704,2
2705,2
2706,1
2707,3
2708,2
2709,1
2710,1
2711,3
2712,3
2713,2
2714,1
2715,1
2716,3
2717,1
2718,3
2719,3
2720,3
2721,2
2722,1
2723,1
2724,1
2725,3
2726,1
2727,1
2728,1
2729,1
2730,1
2731,1
2732,1
2733,3
2734,3
2735,1
2736,1
2737,1
2738,1
2739,3
2740,3
2741,3
2742,3
2743,1
2744,1
2745,3
2746,3
2747,3
2748,1
2749,3
2750,3
2751,3
2752,3
2753,3
2754,3
2755,1
2756,1
2757,3
2758,3
2759,3
2760,3
2761,3
2762,3
2763,1
2764,3
2765,3
2766,3
2767,1
2768,1
2769,1
2770,3
2771,3
2772,3
2773,3
2774,3
2775,1
2776,3
2777,1
2778,1
2779,1
2780,1
2781,3
2782,3
2783,1
2784,1
2785,1
2786,1
2787,1
2788,3
2789,3
2790,3
2791,3
2792,3
2793,1
2794,3
2795,3
2796,3
2797,1
2798,3
2799,3
2800,3
2801,3
2802,3
2803,1
2804,1
2805,3
2806,3
2807,3
2808,1
2809,3
2810,3
2811,3
2812,3
2813,3
2814,1
2815,1
2816,3
2817,1
2818,1
2819,1
2820,1
2821,3
2822,1
2823,1
2824,3
2825,2
2826,2
2827,1
2828,1
2829,2
2830,2
2831,2
2832,2
2833,2
2834,3
2835,1
2836,1
2837,3
2838,1
2839,1
2840,1
2841,4
2842,1
2843,1
2844,3
2845,3
2846,3
2847,3
2848,3
2849,1
2850,1
2851,2
2852,2
2853,2
2854,2
2855,1
2856,1
2857,1
2858,2
2859,1
2860,1
2861,1
2862,2
2863,1
2864,1
2865,1
2866,1
2867,2
2868,1
2869,1
2870,1
2871,1
2872,2
2873,1
2874,1
2875,1
2876,1
2877,1
2878,2
2879,1
2880,1
2881,1
2882,1
2883,1
2884,1
2885,3
2886,1
2887,2
2888,4
2889,1
2890,1
2891,1
2892,1
2893,4
2894,2
2895,1
2896,1
2897,4
2898,1
2899,4
2900,2
2901,4
2902,4
2903,4
2904,1
2905,4
2906,4
2907,2
2908,4
2909,1
2910,4
2911,4
2912,4
2913,2
2914,2
2915,2
2916,1
2917,1
2918,1
2919,1
2920,1
2921,1
2922,1
2923,1
2924,1
2925,4
2926,2
2927,1
2928,4
2929,1
2930,4
2931,1
2932,1
2933,1
2934,4
2935,1
2936,4
2937,4
2938,1
2939,1
2940,2
2941,1
2942,1
2943,4
2944,1
2945,1
2946,4
2947,1
2948,4
2949,4
2950,4
2951,4
2952,4
2953,4
2954,1
2955,4
2956,4
2957,1
2958,4
2959,4
2960,4
2961,4
2962,4
2963,4
2964,4
2965,4
2966,1
2967,4
2968,4
2969,1
2970,4
2971,4
2972,4
2973,4
2974,5
2975,5
2976,5
2977,5
2978,5
2979,5
2980,5
2981,5
2982,5
2983,5
2984,5
2985,5
2986,5
2987,5
2988,5
2989,5
2990,5
2991,5
2992,5
2993,5
2994,5
2995,5
2996,5
2997,5
2998,5
2999,5
3000,5
3001,5
3002,5
3003,5
3004,5
3005,5
3006,5
3007,5
3008,5
3009,5
3010,5
3011,5
3012,5
3013,5
3014,5
3015,5
3016,5
3017,5
3018,5
3019,5
3020,5
3021,5
3022,5
3023,5
3024,5
3025,5
3026,5
3027,5
3028,5
3029,5
3030,5
3031,5
3032,5
3033,5
3034,5
3035,5
3036,5
3037,5
3038,5
3039,5
3040,5
3041,5
3042,5
3043,5
3044,5
3045,5
3046,5
3047,5
3048,5
3049,5
3050,5
3051,5
3052,5
3053,5
3054,5
3055,5
3056,5
3057,5
3058,5
3059,5
3060,5
3061,5
3062,5
3063,5
3064,5
3065,5
3066,5
3067,1
3068,1
3069,3
3070,1
3071,3
3072,1
3073,2
3074,2
3075,2
3076,1
3077,1
3078,3
3079,3
3080,1
3081,3
3082,3
3083,1
3084,1
3085,3
3086,1
3087,1
3088,2
3089,3
3090,1
3091,1
3092,3
3093,1
3094,3
3095,3
3096,3
3097,1
3098,1
3099,3
3100,3
3101,2
3102,3
3103,3
3104,3
3105,1
3106,1
3107,3
3108,1
3109,3
3110,3
3111,1
3112,3
3113,3
3114,1
3115,1
3116,3
3117,3
3118,3
3119,3
3120,3
3121,3
3122,3
3123,1
3124,3
3125,1
3126,3
3127,3
3128,3
3129,3
3130,3
3131,3
3132,1
3133,3
3134,1
3135,1
3136,1
3137,3
3138,3
3139,1
3140,1
3141,3
3142,3
3143,3
3144,3
3145,3
3146,1
3147,3
3148,1
3149,3
3150,3
3151,3
3152,3
3153,3
3154,3
3155,3
3156,3
3157,3
3158,3
3159,3
3160,1
3161,1
3162,3
3163,1
3164,1
3165,1
3166,3
3167,3
3168,3
3169,3
3170,3
3171,3
3172,3
3173,3
3174,3
3175,3
3176,3
3177,3
3178,3
3179,1
3180,1
3181,3
3182,3
3183,1
3184,3
3185,1
3186,1
3187,3
3188,1
3189,3
3190,3
3191,1
3192,3
3193,3
3194,3
3195,2
3196,2
3197,2
3198,1
3199,2
3200,2
3201,1
3202,2
3203,1
3204,3
3205,1
3206,1
3207,3
3208,3
3209,1
3210,1
3211,1
3212,1
3213,1
3214,1
3215,1
3216,2
3217,1
3218,1
3219,1
3220,1
3221,1
3222,1
3223,2
3224,1
3225,1
3226,1
3227,1
3228,2
3229,1
3230,2
3231,3
3232,3
3233,1
3234,1
3235,1
3236,2
3237,2
3238,2
3239,1
3240,1
3241,1
3242,1
3243,1
3244,1
3245,2
3246,1
3247,1
3248,4
3249,1
3250,1
3251,1
3252,2
3253,1
3254,2
3255,1
3256,1
3257,2
3258,2
3259,1
3260,1
3261,4
3262,1
3263,2
3264,2
3265,1
3266,2
3267,2
3268,1
3269,2
3270,2
3271,1
3272,1
3273,2
3274,1
3275,1
3276,1
3277,1
3278,2
3279,2
3280,3
3281,1
3282,1
3283,2
3284,1
3285,4
3286,4
3287,1
3288,1
3289,1
3290,1
3291,4
3292,1
3293,1
3294,1
3295,4
3296,2
3297,2
3298,1
3299,4
3300,1
3301,1
3302,4
3303,4
3304,4
3305,1
3306,4
3307,1
3308,1
3309,1
3310,4
3311,1
3312,4
3313,1
3314,1
3315,4
3316,4
3317,1
3318,1
3319,1
3320,1
3321,2
3322,1
3323,4
3324,4
3325,1
3326,4
3327,4
3328,4
3329,4
3330,4
3331,4
3332,4
3333,4
3334,2
3335,1
3336,1
3337,1
3338,5
3339,5
3340,5
3341,5
3342,5
3343,5
3344,5
3345,5
3346,5
3347,5
3348,5
3349,5
3350,5
3351,5
3352,5
3353,5
3354,5
3355,5
3356,5
3357,5
3358,5
3359,5
3360,5
3361,5
3362,5
3363,5
3364,5
3365,5
3366,5
3367,5
3368,5
3369,5
3370,5
3371,5
3372,5
3373,5
3374,5
3375,5
3376,5
3377,5
3378,5
3379,5
3380,5
3381,5
3382,5
3383,5
3384,5
3385,5
3386,5
3387,5
3388,5
3389,5
3390,5
3391,5
3392,5
3393,5
3394,5
3395,5
3396,5
3397,5
3398,5
3399,5
3400,5
3401,5
3402,5
3403,5
3404,5
3405,5
3406,5
3407,5
3408,5
3409,5
3410,5
3411,5
3412,5
3413,5
3414,5
3415,5
3416,5
3417,5
3418,5
3419,5
3420,5
3421,5
3422,5
3423,5
3424,5
3425,5
3426,5
3427,5
3428,5
3429,5
3430,5
3431,5
3432,2
3433,1
3434,3
3435,3
3436,3
3437,2
3438,3
3439,1
3440,3
3441,3
3442,3
3443,3
3444,3
3445,1
3446,3
3447,1
3448,1
3449,1
3450,3
3451,1
3452,1
3453,1
3454,1
3455,3
3456,1
3457,3
3458,1
3459,1
3460,1
3461,1
3462,3
3463,1
3464,3
3465,1
3466,3
3467,3
3468,3
3469,3
3470,3
3471,1
3472,1
3473,1
3474,3
3475,3
3476,3
3477,3
3478,3
3479,3
3480,3
3481,1
3482,3
3483,3
3484,3
3485,1
3486,3
3487,3
3488,1
3489,1
3490,1
3491,3
3492,1
3493,3
3494,3
3495,1
3496,3
3497,3
3498,3
3499,3
3500,3
3501,3
3502,3
3503,3
3504,1
3505,3
3506,3
3507,1
3508,1
3509,1
3510,3
3511,3
3512,3
3513,3
3514,1
3515,3
3516,3
3517,1
3518,1
3519,3
3520,1
3521,3
3522,1
3523,1
3524,1
3525,3
3526,1
3527,3
3528,3
3529,1
3530,3
3531,3
3532,3
3533,3
3534,3
3535,3
3536,3
3537,3
3538,3
3539,3
3540,1
3541,3
3542,1
3543,3
3544,3
3545,1
3546,1
3547,1
3548,3
3549,3
3550,3
3551,3
3552,1
3553,3
3554,3
3555,1
3556,1
3557,1
3558,3
3559,2
3560,2
3561,2
3562,2
3563,2
3564,3
3565,2
3566,2
3567,3
3568,3
3569,3
3570,2
3571,1
3572,1
3573,2
3574,3
3575,1
3576,1
3577,3
3578,3
3579,3
3580,1
3581,2
3582,3
3583,1
3584,1
3585,1
3586,1
3587,1
3588,2
3589,4
3590,1
3591,2
3592,1
3593,2
3594,3
3595,2
3596,1
3597,1
3598,1
3599,1
3600,2
3601,1
3602,1
3603,1
3604,1
3605,1
3606,1
3607,2
3608,2
3609,1
3610,2
3611,2
3612,4
3613,1
3614,1
3615,1
3616,4
3617,4
3618,4
3619,1
3620,1
3621,2
3622,2
3623,1
3624,1
3625,1
3626,1
3627,4
3628,4
3629,4
3630,1
3631,1
3632,1
3633,1
3634,4
3635,1
3636,1
3637,1
3638,4
3639,4
3640,1
3641,1
3642,4
3643,1
3644,4
3645,1
3646,4
3647,1
3648,4
3649,1
3650,1
3651,2
3652,1
3653,1
3654,1
3655,4
3656,2
3657,4
3658,1
3659,4
3660,4
3661,4
3662,4
3663,4
3664,4
3665,2
3666,1
3667,1
3668,1
3669,1
3670,4
3671,4
3672,1
3673,4
3674,1
3675,2
3676,4
3677,4
3678,1
3679,1
3680,1
3681,1
3682,1
3683,1
3684,4
3685,1
3686,1
3687,1
3688,1
3689,1
3690,1
3691,4
3692,1
3693,4
3694,4
3695,4
3696,4
3697,4
3698,4
3699,2
3700,4
3701,1
3702,5
3703,5
3704,5
3705,5
3706,5
3707,5
3708,5
3709,5
3710,5
3711,5
3712,5
3713,5
3714,5
3715,5
3716,5
3717,5
3718,5
3719,5
3720,5
3721,5
3722,5
3723,5
3724,5
3725,5
3726,5
3727,5
3728,5
3729,5
3730,5
3731,5
3732,5
3733,5
3734,5
3735,5
3736,5
3737,5
3738,5
3739,5
3740,5
3741,5
3742,5
3743,5
3744,5
3745,5
3746,5
3747,5
3748,5
3749,5
3750,5
3751,5
3752,5
3753,5
3754,5
3755,5
3756,5
3757,5
3758,5
3759,5
3760,5
3761,5
3762,5
3763,5
3764,5
3765,5
3766,5
3767,5
3768,5
3769,5
3770,5
3771,5
3772,5
3773,5
3774,5
3775,5
3776,5
3777,5
3778,5
3779,5
3780,5
3781,5
3782,5
3783,5
3784,5
3785,5
3786,5
3787,5
3788,5
3789,5
3790,5
3791,5
3792,5
3793,5
3794,5
3795,5
3796,5
3797,2
3798,2
3799,2
3800,3
3801,1
3802,2
3803,2
3804,3
3805,1
3806,1
3807,1
3808,3
3809,2
3810,2
3811,1
3812,3
3813,1
3814,1
3815,1
3816,1
3817,3
3818,3
3819,1
3820,2
3821,3
3822,3
3823,3
3824,1
3825,1
3826,1
3827,3
3828,1
3829,1
3830,1
3831,1
3832,1
3833,3
3834,3
3835,3
3836,1
3837,1
3838,1
3839,1
3840,1
3841,3
3842,3
3843,1
3844,1
3845,3
3846,3
3847,2
3848,3
3849,3
3850,3
3851,3
3852,3
3853,1
3854,3
3855,1
3856,3
3857,3
3858,2
3859,3
3860,3
3861,3
3862,3
3863,3
3864,3
3865,3
3866,3
3867,3
3868,3
3869,3
3870,3
3871,1
3872,1
3873,3
3874,1
3875,3
3876,3
3877,3
3878,1
3879,3
3880,3
3881,1
3882,1
3883,3
3884,3
3885,1
3886,1
3887,3
3888,1
3889,3
3890,1
3891,1
3892,3
3893,3
3894,3
3895,3
3896,1
3897,1
3898,1
3899,3
3900,3
3901,3
3902,3
3903,1
3904,1
3905,3
3906,1
3907,1
3908,1
3909,3
3910,3
3911,3
3912,3
3913,3
3914,3
3915,3
3916,3
3917,3
3918,2
3919,3
3920,3
3921,3
3922,3
3923,3
3924,1
3925,3
3926,4
3927,1
3928,3
3929,1
3930,1
3931,1
3932,3
3933,3
3934,3
3935,3
3936,1
3937,3
3938,1
3939,3
3940,3
3941,3
3942,1
3943,1
3944,1
3945,1
3946,1
3947,1
3948,2
3949,2
3950,3
3951,3
3952,2
3953,1
3954,3
3955,3
3956,1
3957,1
3958,1
3959,3
3960,1
3961,1
3962,2
3963,2
3964,2
3965,1
3966,2
3967,1
3968,1
3969,1
3970,2
3971,1
3972,4
3973,4
3974,1
3975,2
3976,1
3977,1
3978,1
3979,4
3980,1
3981,1
3982,1
3983,1
3984,1
3985,1
3986,1
3987,1
3988,1
3989,2
3990,1
3991,4
3992,2
3993,1
3994,1
3995,1
3996,4
3997,4
3998,1
3999,4
4000,4
4001,1
4002,1
4003,4
4004,1
4005,4
4006,1
4007,1
4008,1
4009,4
4010,4
4011,4
4012,1
4013,1
4014,4
4015,4
4016,4
4017,4
4018,4
4019,4
4020,4
4021,4
4022,4
4023,4
4024,4
4025,1
4026,4
4027,1
4028,4
4029,2
4030,2
4031,1
4032,1
4033,1
4034,4
4035,4
4036,4
4037,1
4038,1
4039,1
4040,2
4041,2
4042,1
4043,1
4044,1
4045,2
4046,1
4047,4
4048,1
4049,1
4050,2
4051,4
4052,1
4053,2
4054,1
4055,1
4056,2
4057,1
4058,1
4059,2
4060,2
4061,1
4062,4
4063,1
4064,2
4065,1
4066,5
4067,5
4068,5
4069,5
4070,5
4071,5
4072,5
4073,5
4074,5
4075,5
4076,5
4077,5
4078,5
4079,5
4080,5
4081,5
4082,5
4083,5
4084,5
4085,5
4086,5
4087,5
4088,5
4089,5
4090,5
4091,5
4092,5
4093,5
4094,5
4095,5
4096,5
4097,5
4098,5
4099,5
4100,5
4101,5
4102,5
4103,5
4104,5
4105,5
4106,5
4107,5
4108,5
4109,5
4110,5
4111,5
4112,5
4113,5
4114,5
4115,5
4116,5
4117,5
4118,5
4119,5
4120,5
4121,5
4122,5
4123,5
4124,5
4125,5
4126,5
4127,5
4128,5
4129,5
4130,5
4131,5
4132,5
4133,5
4134,5
4135,5
4136,5
4137,5
4138,5
4139,5
4140,5
4141,5
4142,5
4143,5
4144,5
4145,5
4146,5
4147,5
4148,5
4149,5
4150,5
4151,5
4152,5
4153,5
4154,5
4155,5
4156,5
4157,5
4158,5
4159,5
4160,5
4161,5
4162,5
4163,5
4164,5
4165,5
4166,2
4167,3
4168,3
4169,3
4170,3
4171,3
4172,1
4173,2
4174,2
4175,3
4176,1
4177,1
4178,1
4179,1
4180,1
4181,1
4182,3
4183,1
4184,3
4185,1
4186,3
4187,3
4188,1
4189,1
4190,3
4191,1
4192,2
4193,3
4194,3
4195,1
4196,1
4197,3
4198,1
4199,3
4200,3
4201,3
4202,3
4203,3
4204,3
4205,1
4206,1
4207,1
4208,3
4209,1
4210,3
4211,3
4212,3
4213,3
4214,3
4215,3
4216,3
4217,1
4218,1
4219,3
4220,3
4221,3
4222,3
4223,3
4224,3
4225,3
4226,3
4227,3
4228,1
4229,1
4230,3
4231,3
4232,3
4233,3
4234,3
4235,3
4236,1
4237,3
4238,3
4239,3
4240,3
4241,3
4242,3
4243,3
4244,3
4245,1
4246,3
4247,3
4248,3
4249,3
4250,3
4251,3
4252,3
4253,1
4254,1
4255,1
4256,3
4257,1
4258,3
4259,3
4260,3
4261,3
4262,3
4263,1
4264,3
4265,3
4266,3
4267,3
4268,3
4269,1
4270,1
4271,3
4272,3
4273,3
4274,3
4275,3
4276,3
4277,3
4278,3
4279,3
4280,3
4281,3
4282,3
4283,1
4284,1
4285,1
4286,3
4287,3
4288,3
4289,2
4290,1
4291,1
4292,2
4293,2
4294,2
4295,3
4296,1
4297,1
4298,3
4299,2
4300,3
4301,3
4302,2
4303,1
4304,1
4305,1
4306,3
4307,1
4308,1
4309,1
4310,1
4311,1
4312,1
4313,1
4314,2
4315,1
4316,1
4317,1
4318,2
4319,1
4320,1
4321,1
4322,2
4323,2
4324,3
4325,1
4326,1
4327,2
4328,2
4329,1
4330,1
4331,1
4332,1
4333,1
4334,1
4335,1
4336,1
4337,1
4338,4
4339,1
4340,1
4341,4
4342,4
4343,1
4344,1
4345,1
4346,1
4347,2
4348,2
4349,1
4350,1
4351,1
4352,1
4353,4
4354,4
4355,1
4356,1
4357,1
4358,1
4359,1
4360,1
4361,1
4362,1
4363,1
4364,1
4365,1
4366,1
4367,1
4368,2
4369,4
4370,4
4371,1
4372,1
4373,2
4374,4
4375,1
4376,4
4377,1
4378,1
4379,1
4380,2
4381,1
4382,4
4383,1
4384,1
4385,1
4386,2
4387,1
4388,2
4389,1
4390,1
4391,2
4392,2
4393,4
4394,4
4395,1
4396,4
4397,4
4398,4
4399,1
4400,1
4401,2
4402,4
4403,4
4404,4
4405,1
4406,2
4407,2
4408,1
4409,1
4410,2
4411,1
4412,4
4413,4
4414,1
4415,4
4416,1
4417,4
4418,1
4419,1
4420,4
4421,2
4422,1
4423,1
4424,1
4425,1
4426,4
4427,2
4428,4
4429,2
4430,5
4431,5
4432,5
4433,5
4434,5
4435,5
4436,5
4437,5
4438,5
4439,5
4440,5
4441,5
4442,5
4443,5
4444,5
4445,5
4446,5
4447,5
4448,5
4449,5
4450,5
4451,5
4452,5
4453,5
4454,5
4455,5
4456,5
4457,5
4458,5
4459,5
4460,5
4461,5
4462,5
4463,5
4464,5
4465,5
4466,5
4467,5
4468,5
4469,5
4470,5
4471,5
4472,5
4473,5
4474,5
4475,5
4476,5
4477,5
4478,5
4479,5
4480,5
4481,5
4482,5
4483,5
4484,5
4485,5
4486,5
4487,5
4488,5
4489,5
4490,5
4491,5
4492,5
4493,5
4494,5
4495,5
4496,5
4497,5
4498,5
4499,5
4500,5
4501,5
4502,5
4503,5
4504,5
4505,5
4506,5
4507,5
4508,5
4509,5
4510,5
4511,5
4512,5
4513,5
4514,5
4515,5
4516,5
4517,5
4518,5
4519,5
4520,5
4521,5
4522,5
4523,5
4524,5
4525,5
4526,5
4527,5
4528,5
4529,5
4530,5
4531,2
4532,2
4533,2
4534,3
4535,2
4536,2
4537,1
4538,1
4539,3
4540,3
4541,3
4542,1
4543,1
4544,3
4545,1
4546,1
4547,2
4548,3
4549,1
4550,3
4551,3
4552,3
4553,3
4554,3
4555,3
4556,3
4557,1
4558,3
4559,3
4560,3
4561,3
4562,3
4563,3
4564,3
4565,3
4566,3
4567,3
4568,3
4569,3
4570,3
4571,3
4572,1
4573,3
4574,3
4575,3
4576,3
4577,3
4578,3
4579,3
4580,3
4581,3
4582,3
4583,3
4584,3
4585,3
4586,3
4587,3
4588,3
4589,3
4590,3
4591,3
4592,3
4593,3
4594,3
4595,3
4596,1
4597,3
4598,3
4599,3
4600,3
4601,3
4602,3
4603,3
4604,3
4605,3
4606,3
4607,3
4608,3
4609,3
4610,3
4611,3
4612,3
4613,3
4614,3
4615,3
4616,3
4617,3
4618,3
4619,3
4620,3
4621,3
4622,3
4623,3
4624,3
4625,3
4626,1
4627,3
4628,3
4629,3
4630,3
4631,3
4632,3
4633,3
4634,3
4635,3
4636,3
4637,3
4638,2
4639,1
4640,3
4641,3
4642,3
4643,2
4644,2
4645,2
4646,3
4647,3
4648,3
4649,3
4650,3
4651,3
4652,2
4653,3
4654,3
4655,1
4656,2
4657,3
4658,2
4659,2
4660,1
4661,2
4662,3
4663,3
4664,2
4665,2
4666,1
4667,2
4668,2
4669,2
4670,2
4671,2
4672,2
4673,2
4674,2
4675,1
4676,2
4677,2
4678,2
4679,1
4680,1
4681,2
4682,2
4683,2
4684,2
4685,2
4686,2
4687,3
4688,1
4689,2
4690,1
4691,1
4692,2
4693,1
4694,2
4695,4
4696,1
4697,1
4698,2
4699,4
4700,1
4701,2
4702,1
4703,1
4704,2
4705,2
4706,2
4707,2
4708,4
4709,2
4710,1
4711,2
4712,2
4713,2
4714,2
4715,2
4716,1
4717,1
4718,4
4719,4
4720,4
4721,2
4722,1
4723,2
4724,4
4725,4
4726,2
4727,2
4728,4
4729,4
4730,2
4731,2
4732,1
4733,4
4734,2
4735,4
4736,4
4737,1
4738,4
4739,2
4740,1
4741,1
4742,4
4743,4
4744,2
4745,1
4746,2
4747,2
4748,2
4749,2
4750,1
4751,2
4752,2
4753,4
4754,4
4755,1
4756,1
4757,1
4758,2
4759,2
4760,1
4761,2
4762,2
4763,2
4764,1
4765,1
4766,4
4767,1
4768,1
4769,4
4770,4
4771,1
4772,4
4773,2
4774,4
4775,2
4776,1
4777,1
4778,4
4779,1
4780,2
4781,2
4782,2
4783,2
4784,1
4785,2
4786,2
4787,1
4788,4
4789,2
4790,2
4791,1
4792,2
4793,1
4794,5
4795,5
4796,5
4797,5
4798,5
4799,5
4800,5
4801,5
4802,5
4803,5
4804,5
4805,5
4806,5
4807,5
4808,5
4809,5
4810,5
4811,5
4812,5
4813,5
4814,5
4815,5
4816,5
4817,5
4818,5
4819,5
4820,5
4821,5
4822,5
4823,5
4824,5
4825,5
4826,5
4827,5
4828,5
4829,5
4830,5
4831,5
4832,5
4833,5
4834,5
4835,5
4836,5
4837,5
4838,5
4839,5
4840,5
4841,5
4842,5
4843,5
4844,5
4845,5
4846,5
4847,5
4848,5
4849,5
4850,5
4851,5
4852,5
4853,5
4854,5
4855,5
4856,5
4857,5
4858,5
4859,5
4860,5
4861,5
4862,5
4863,5
4864,5
4865,5
4866,5
4867,5
4868,5
4869,5
4870,5
4871,5
4872,5
4873,5
4874,5
4875,5
4876,5
4877,5
4878,5
4879,5
4880,5
4881,5
4882,5
4883,5
4884,5
4885,5
4886,5
4887,5
4888,5
4889,5
4890,5
4891,5
4892,5
4893,5
4894,5
4895,5
4896,5
4897,3
4898,3
4899,1
4900,1
4901,1
4902,3
4903,3
4904,3
4905,3
4906,3
4907,2
4908,1
4909,3
4910,2
4911,3
4912,1
4913,1
4914,2
4915,1
4916,1
4917,3
4918,3
4919,3
4920,3
4921,3
4922,3
4923,3
4924,3
4925,1
4926,3
4927,3
4928,3
4929,3
4930,3
4931,3
4932,3
4933,3
4934,3
4935,3
4936,3
4937,3
4938,3
4939,3
4940,3
4941,3
4942,3
4943,3
4944,3
4945,3
4946,3
4947,3
4948,3
4949,3
4950,3
4951,3
4952,3
4953,3
4954,3
4955,3
4956,3
4957,3
4958,1
4959,3
4960,3
4961,3
4962,3
4963,3
4964,3
4965,3
4966,3
4967,3
4968,3
4969,3
4970,3
4971,3
4972,3
4973,3
4974,3
4975,3
4976,3
4977,3
4978,3
4979,1
4980,3
4981,1
4982,3
4983,3
4984,3
4985,3
4986,3
4987,1
4988,2
4989,3
4990,3
4991,1
4992,3
4993,3
4994,3
4995,3
4996,1
4997,1
4998,3
4999,3
5000,3
5001,3
5002,3
5003,2
5004,2
5005,3
5006,1
5007,2
5008,1
5009,3
5010,2
5011,1
5012,1
5013,1
5014,1
5015,3
5016,3
5017,2
5018,3
5019,3
5020,3
5021,3
5022,1
5023,3
5024,2
5025,2
5026,2
5027,2
5028,2
5029,2
5030,1
5031,1
5032,3
5033,1
5034,2
5035,2
5036,1
5037,3
5038,4
5039,1
5040,2
5041,2
5042,3
5043,3
5044,2
5045,2
5046,2
5047,2
5048,2
5049,2
5050,2
5051,2
5052,4
5053,4
5054,2
5055,1
5056,1
5057,2
5058,3
5059,1
5060,1
5061,2
5062,2
5063,3
5064,3
5065,1
5066,2
5067,1
5068,2
5069,1
5070,1
5071,1
5072,2
5073,1
5074,1
5075,2
5076,2
5077,1
5078,2
5079,2
5080,2
5081,1
5082,1
5083,2
5084,1
5085,1
5086,1
5087,2
5088,2
5089,4
5090,4
5091,4
5092,2
5093,2
5094,2
5095,2
5096,2
5097,4
5098,1
5099,4
5100,4
5101,4
5102,4
5103,4
5104,4
5105,4
5106,4
5107,2
5108,2
5109,4
5110,4
5111,2
5112,1
5113,2
5114,1
5115,4
5116,2
5117,4
5118,4
5119,4
5120,1
5121,1
5122,1
5123,1
5124,1
5125,1
5126,1
5127,1
5128,2
5129,2
5130,2
5131,2
5132,1
5133,2
5134,4
5135,4
5136,1
5137,4
5138,1
5139,1
5140,4
5141,4
5142,4
5143,4
5144,4
5145,4
5146,4
5147,4
5148,4
5149,4
5150,4
5151,1
5152,4
5153,4
5154,4
5155,4
5156,1
5157,1
5158,5
5159,5
5160,5
5161,5
5162,5
5163,5
5164,5
5165,5
5166,5
5167,5
5168,5
5169,5
5170,5
5171,5
5172,5
5173,5
5174,5
5175,5
5176,5
5177,5
5178,5
5179,5
5180,5
5181,5
5182,5
5183,5
5184,5
5185,5
5186,5
5187,5
5188,5
5189,5
5190,5
5191,5
5192,5
5193,5
5194,5
5195,5
5196,5
5197,5
5198,5
5199,5
5200,5
5201,5
5202,5
5203,5
5204,5
5205,5
5206,5
5207,5
5208,5
5209,5
5210,5
5211,5
5212,5
5213,5
5214,5
5215,5
5216,5
5217,5
5218,5
5219,5
5220,5
5221,5
5222,5
5223,5
5224,5
5225,5
5226,5
5227,5
5228,5
5229,5
5230,5
5231,5
5232,5
5233,5
5234,5
5235,5
5236,5
5237,5
5238,5
5239,5
5240,5
5241,5
5242,5
5243,5
5244,5
5245,5
5246,5
5247,5
5248,5
5249,5
5250,5
5251,5
5252,5
5253,5
5254,5
5255,5
5256,5
5257,5
5258,5
5259,5
5260,5
5261,5
5262,5
5263,5
5264,5
5265,2
5266,1
5267,1
5268,3
5269,3
5270,3
5271,1
5272,3
5273,3
5274,3
5275,1
5276,3
5277,3
5278,1
5279,3
5280,3
5281,1
5282,1
5283,1
5284,1
5285,3
5286,3
5287,3
5288,1
5289,1
5290,3
5291,3
5292,3
5293,3
5294,3
5295,3
5296,3
5297,2
5298,2
5299,3
5300,3
5301,3
5302,3
5303,3
5304,3
5305,3
5306,3
5307,3
5308,3
5309,3
5310,3
5311,3
5312,3
5313,3
5314,3
5315,3
5316,3
5317,3
5318,3
5319,3
5320,3
5321,3
5322,3
5323,3
5324,3
5325,1
5326,1
5327,1
5328,3
5329,3
5330,3
5331,3
5332,3
5333,3
5334,3
5335,3
5336,3
5337,3
5338,3
5339,3
5340,3
5341,3
5342,3
5343,3
5344,3
5345,3
5346,3
5347,3
5348,3
5349,3
5350,3
5351,3
5352,3
5353,3
5354,3
5355,3
5356,3
5357,3
5358,3
5359,1
5360,1
5361,1
5362,3
5363,1
5364,3
5365,3
5366,3
5367,1
5368,1
5369,3
5370,1
5371,3
5372,3
5373,3
5374,3
5375,3
5376,3
5377,3
5378,3
5379,3
5380,3
5381,3
5382,3
5383,1
5384,3
5385,2
5386,1
5387,1
5388,1
5389,3
5390,3
5391,2
5392,2
5393,3
5394,3
5395,3
5396,3
5397,3
5398,2
5399,3
5400,3
5401,3
5402,3
5403,3
5404,1
5405,1
5406,1
5407,3
5408,3
5409,1
5410,1
5411,1
5412,2
5413,2
5414,2
5415,2
5416,2
5417,2
5418,2
5419,1
5420,1
5421,1
5422,2
5423,1
5424,2
5425,2
5426,2
5427,2
5428,1
5429,1
5430,2
5431,4
5432,1
5433,1
5434,1
5435,2
5436,2
5437,1
5438,1
5439,2
5440,1
5441,1
5442,1
5443,1
5444,4
5445,1
5446,1
5447,1
5448,1
5449,4
5450,2
5451,1
5452,1
5453,1
5454,2
5455,1
5456,4
5457,1
5458,2
5459,2
5460,1
5461,1
5462,1
5463,1
5464,1
5465,1
5466,2
5467,4
5468,1
5469,4
5470,4
5471,1
5472,4
5473,4
5474,4
5475,4
5476,1
5477,2
5478,4
5479,2
5480,2
5481,4
5482,4
5483,1
5484,4
5485,4
5486,4
5487,4
5488,4
5489,4
5490,4
5491,1
5492,4
5493,1
5494,4
5495,4
5496,4
5497,1
5498,1
5499,1
5500,4
5501,4
5502,1
5503,4
5504,4
5505,1
5506,4
5507,1
5508,4
5509,4
5510,4
5511,4
5512,2
5513,2
5514,4
5515,4
5516,4
5517,4
5518,4
5519,1
5520,1
5521,1
5522,5
5523,5
5524,5
5525,5
5526,5
5527,5
5528,5
5529,5
5530,5
5531,5
5532,5
5533,5
5534,5
5535,5
5536,5
5537,5
5538,5
5539,5
5540,5
5541,5
5542,5
5543,5
5544,5
5545,5
5546,5
5547,5
5548,5
5549,5
5550,5
5551,5
5552,5
5553,5
5554,5
5555,5
5556,5
5557,5
5558,5
5559,5
5560,5
5561,5
5562,5
5563,5
5564,5
5565,5
5566,5
5567,5
5568,5
5569,5
5570,5
5571,5
5572,5
5573,5
5574,5
5575,5
5576,5
5577,5
5578,5
5579,5
5580,5
5581,5
5582,5
5583,5
5584,5
5585,5
5586,5
5587,5
5588,5
